c_32107,c_30610,c_10384,c_69758,c_Species,predictions
5.000000000000000000,3.400000000000000000,1.500000000000000000,0.200000000000000000,0,0
4.400000000000000000,2.900000000000000000,1.400000000000000000,0.200000000000000000,0,0
