c_32107,c_30610,c_10384,c_69758,c_Species,predictions
6.300000000000000000,3.300000000000000000,4.700000000000000000,1.600000000000000000,1,1
