c_32107,c_30610,c_10384,c_69758,c_Species,predictions
6.800000000000000000,2.800000000000000000,4.800000000000000000,1.400000000000000000,1,1
6.700000000000000000,3.000000000000000000,5.000000000000000000,1.700000000000000000,1,1
