c_32107,c_30610,c_10384,c_69758,c_Species,predictions
6.100000000000000000,2.800000000000000000,4.000000000000000000,1.300000000000000000,1,1
6.300000000000000000,2.500000000000000000,4.900000000000000000,1.500000000000000000,1,1
