c_32107,c_30610,c_10384,c_69758,c_Species,predictions
6.200000000000000000,2.200000000000000000,4.500000000000000000,1.500000000000000000,1,1
5.600000000000000000,2.500000000000000000,3.900000000000000000,1.100000000000000000,1,1
