c_32107,c_30610,c_10384,c_69758,c_Species,predictions
4.600000000000000000,3.400000000000000000,1.400000000000000000,0.300000000000000000,0,0
