c_32107,c_30610,c_10384,c_69758,c_Species,predictions
4.900000000000000000,2.400000000000000000,3.300000000000000000,1.000000000000000000,1,1
6.600000000000000000,2.900000000000000000,4.600000000000000000,1.300000000000000000,1,1
