c_32107,c_30610,c_10384,c_69758,c_Species,predictions
5.000000000000000000,2.300000000000000000,3.300000000000000000,1.000000000000000000,1,1
5.600000000000000000,2.700000000000000000,4.200000000000000000,1.300000000000000000,1,1
