c_32107,c_30610,c_10384,c_69758,c_Species,predictions
5.600000000000000000,2.900000000000000000,3.600000000000000000,1.300000000000000000,1,1
