c_32107,c_30610,c_10384,c_69758,c_Species,predictions
5.700000000000000000,3.800000000000000000,1.700000000000000000,0.300000000000000000,0,0
5.100000000000000000,3.800000000000000000,1.500000000000000000,0.300000000000000000,0,0
