c_32107,c_30610,c_10384,c_69758,c_Species,predictions
6.000000000000000000,2.200000000000000000,4.000000000000000000,1.000000000000000000,1,1
6.100000000000000000,2.900000000000000000,4.700000000000000000,1.400000000000000000,1,1
