c_32107,c_30610,c_10384,c_69758,c_Species,predictions
5.700000000000000000,4.400000000000000000,1.500000000000000000,0.400000000000000000,0,0
5.400000000000000000,3.900000000000000000,1.300000000000000000,0.400000000000000000,0,0
