c_32107,c_30610,c_10384,c_69758,c_Species,predictions
4.900000000000000000,3.100000000000000000,1.500000000000000000,0.100000000000000000,0,0
