c_32107,c_30610,c_10384,c_69758,c_Species,predictions
5.100000000000000000,2.500000000000000000,3.000000000000000000,1.100000000000000000,1,1
5.700000000000000000,2.800000000000000000,4.100000000000000000,1.300000000000000000,1,1
