c_32107,c_30610,c_10384,c_69758,c_Species,predictions
6.000000000000000000,3.400000000000000000,4.500000000000000000,1.600000000000000000,1,1
6.700000000000000000,3.100000000000000000,4.700000000000000000,1.500000000000000000,1,1
